id,first_name,last_name,email,gender,address
1,Benoit,Shambrooke,bshambrooke0@is.gd,Male,Suite 92
2,Berte,Toffoletto,btoffoletto1@hud.gov,Female,PO Box 77048
3,Maddie,Whye,mwhye2@chicagotribune.com,Female,PO Box 64177
4,Antone,Dennert,adennert3@t.co,Male,5th Floor
5,Anallise,Bulstrode,abulstrode4@about.me,Non-binary,Suite 90
6,Shane,St. Hill,ssthill5@vimeo.com,Female,Suite 71
7,Georgie,Strettell,gstrettell6@scientificamerican.com,Genderfluid,3rd Floor
8,Thaddeus,Ansley,tansley7@timesonline.co.uk,Male,Suite 48
9,Eamon,Prowse,eprowse8@wunderground.com,Male,Suite 11
10,Mylo,Ham,mham9@dagondesign.com,Male,PO Box 52936
11,Sauncho,Winterson,swintersona@cdbaby.com,Male,Apt 664
12,Mabel,Pitway,mpitwayb@sphinn.com,Female,Suite 47
13,Aviva,Dikes,adikesc@cnet.com,Female,Apt 929
14,Corty,Bransom,cbransomd@businesswire.com,Male,Apt 1728
15,Nikos,Lory,nlorye@cloudflare.com,Bigender,12th Floor
16,Franny,Janota,fjanotaf@studiopress.com,Male,Room 654
17,Andrea,Rehorek,arehorekg@uol.com.br,Female,19th Floor
18,Milli,Cake,mcakeh@google.com.au,Female,PO Box 45494
19,Selle,Fowden,sfowdeni@businesswire.com,Non-binary,Suite 52
20,Letti,Blakeney,lblakeneyj@indiatimes.com,Non-binary,19th Floor
21,Phip,Gorwood,pgorwoodk@cnet.com,Male,19th Floor
22,Mitchael,Frame,mframel@4shared.com,Male,Suite 3
23,Leila,McAndrew,lmcandrewm@vk.com,Female,Suite 19
24,Vincenz,Chantler,vchantlern@blinklist.com,Male,Room 1884
25,Israel,Maltster,imaltstero@imdb.com,Male,Apt 251
26,Ingeborg,Claige,iclaigep@uol.com.br,Female,Suite 79
27,Averill,Swanwick,aswanwickq@1688.com,Male,Room 1117
28,Priscella,Badby,pbadbyr@example.com,Female,Apt 236
29,Hansiain,Branni,hbrannis@npr.org,Male,Apt 1882
30,Dyna,Kubas,dkubast@nyu.edu,Female,PO Box 74062
31,Kameko,Semechik,ksemechiku@deviantart.com,Female,Apt 1667
32,Merilee,Bedin,mbedinv@vkontakte.ru,Female,Room 1513
33,Tomaso,Filintsev,tfilintsevw@hc360.com,Genderqueer,PO Box 98819
34,Brier,Faltskog,bfaltskogx@meetup.com,Female,Suite 27
35,Stacy,Quinn,squinny@cargocollective.com,Female,Room 144
36,Althea,Spera,asperaz@indiegogo.com,Female,Room 1106
37,Britney,Conneely,bconneely10@netvibes.com,Female,Room 135
38,Normy,Hammell,nhammell11@blog.com,Male,13th Floor
39,Kessia,Larrosa,klarrosa12@tripod.com,Female,Room 1610
40,Kleon,Kealey,kkealey13@walmart.com,Male,Room 1219
41,Jorry,Croxford,jcroxford14@plala.or.jp,Genderfluid,Suite 31
42,Berti,People,bpeople15@ucoz.com,Male,Suite 88
43,Dorri,Petteford,dpetteford16@aboutads.info,Female,Room 839
44,Feodora,Cherrison,fcherrison17@opera.com,Female,18th Floor
45,Amalie,Lineen,alineen18@phoca.cz,Female,8th Floor
46,Mable,Grebner,mgrebner19@baidu.com,Female,Suite 18
47,Stacee,Farnes,sfarnes1a@unblog.fr,Male,13th Floor
48,Austin,Coomber,acoomber1b@java.com,Bigender,7th Floor
49,Mycah,Doody,mdoody1c@tuttocitta.it,Male,Apt 287
50,Lorita,Halhead,lhalhead1d@irs.gov,Female,Apt 381
51,Celinka,Corben,ccorben1e@storify.com,Female,Room 1929
52,Brena,McKeran,bmckeran1f@51.la,Female,Room 1753
53,Xavier,Ede,xede1g@fc2.com,Male,Apt 1520
54,Ody,Duddell,oduddell1h@miitbeian.gov.cn,Male,Room 95
55,Immanuel,Noto,inoto1i@unc.edu,Male,5th Floor
56,Addie,Hanes,ahanes1j@freewebs.com,Male,Suite 87
57,Frederique,Vedeneev,fvedeneev1k@nymag.com,Female,Room 113
58,Florian,Goldman,fgoldman1l@youku.com,Male,PO Box 82176
59,Cindra,Anthoney,canthoney1m@wsj.com,Female,Room 565
60,Michel,Riches,mriches1n@sitemeter.com,Female,PO Box 10693
61,Hartwell,Sherrard,hsherrard1o@nifty.com,Male,19th Floor
62,Verile,Rorke,vrorke1p@instagram.com,Female,17th Floor
63,Fairlie,Sigert,fsigert1q@stumbleupon.com,Male,Suite 88
64,Nana,Davenhill,ndavenhill1r@feedburner.com,Female,Apt 1171
65,Dottie,Caneo,dcaneo1s@paginegialle.it,Female,Suite 38
66,Trefor,Verbrugghen,tverbrugghen1t@blogs.com,Male,PO Box 65232
67,Hermon,Flanigan,hflanigan1u@miitbeian.gov.cn,Male,Apt 1968
68,Hilton,Maria,hmaria1v@skype.com,Male,PO Box 18421
69,Bernardina,Durden,bdurden1w@xing.com,Female,Room 372
70,Kaleb,Rains,krains1x@deviantart.com,Male,Room 367
71,Silvia,Pinard,spinard1y@unblog.fr,Female,19th Floor
72,Rourke,Edgehill,redgehill1z@posterous.com,Male,15th Floor
73,Nigel,Lorincz,nlorincz20@state.gov,Male,Suite 88
74,Shelli,Garn,sgarn21@wired.com,Female,3rd Floor
75,Hubey,Chawner,hchawner22@google.it,Male,7th Floor
76,Cindie,Reynoldson,creynoldson23@usgs.gov,Female,Room 1930
77,Renault,Ricciardello,rricciardello24@tinypic.com,Male,12th Floor
78,Myra,Cowitz,mcowitz25@facebook.com,Female,8th Floor
79,Nevil,Riggey,nriggey26@marriott.com,Male,Room 1518
80,Carlynn,Winsom,cwinsom27@ocn.ne.jp,Female,Suite 52
81,Ragnar,Leversha,rleversha28@answers.com,Genderfluid,2nd Floor
82,Amanda,Fasse,afasse29@slate.com,Female,PO Box 38916
83,Jacquie,Dagwell,jdagwell2a@woothemes.com,Female,Apt 1004
84,Jaime,Oldam,joldam2b@gmpg.org,Female,10th Floor
85,Mile,Logue,mlogue2c@drupal.org,Male,12th Floor
86,Desiree,Sleet,dsleet2d@alibaba.com,Female,Suite 62
87,Herb,Helstrip,hhelstrip2e@eepurl.com,Male,Suite 32
88,Myrlene,Physic,mphysic2f@canalblog.com,Genderfluid,19th Floor
89,Heddie,Pay,hpay2g@cnet.com,Female,PO Box 61828
90,Corbie,Fer,cfer2h@wiley.com,Male,10th Floor
91,Kenon,Markus,kmarkus2i@army.mil,Non-binary,14th Floor
92,Brana,Yakovliv,byakovliv2j@lulu.com,Female,Suite 85
93,Neely,Boltwood,nboltwood2k@yolasite.com,Female,13th Floor
94,Mirabella,Ruscoe,mruscoe2l@amazon.co.jp,Female,Room 103
95,Stern,Echallie,sechallie2m@blog.com,Male,Apt 473
96,Ester,Fearby,efearby2n@fda.gov,Bigender,PO Box 49769
97,Ambur,Freeland,afreeland2o@goo.gl,Non-binary,Suite 15
98,Celie,Ferenczy,cferenczy2p@google.co.jp,Female,Suite 1
99,Reggie,Haugeh,rhaugeh2q@wsj.com,Male,5th Floor
100,Derwin,McAughtry,dmcaughtry2r@wikia.com,Male,12th Floor
101,Enos,Tennick,etennick2s@weebly.com,Male,Room 1770
102,Gawain,Ponting,gponting2t@house.gov,Male,Apt 350
103,Burg,Fincham,bfincham2u@parallels.com,Male,Suite 13
104,Vanni,Hakey,vhakey2v@youku.com,Female,Suite 14
105,Nickie,Charman,ncharman2w@hostgator.com,Male,4th Floor
106,Marga,Freestone,mfreestone2x@blogspot.com,Female,Room 946
107,Levon,Ilem,lilem2y@un.org,Male,PO Box 1142
108,Gusella,Prydie,gprydie2z@ifeng.com,Female,Room 585
109,Prent,Cabrer,pcabrer30@tripod.com,Male,Suite 12
110,Loria,Collick,lcollick31@domainmarket.com,Female,Apt 368
111,Hunter,Besque,hbesque32@globo.com,Male,Apt 76
112,Alexis,MacCurtain,amaccurtain33@over-blog.com,Non-binary,Apt 862
113,Hedwiga,Lukes,hlukes34@webs.com,Female,8th Floor
114,Geralda,Tapscott,gtapscott35@earthlink.net,Genderfluid,Apt 1200
115,Zacharia,Hasling,zhasling36@opera.com,Male,PO Box 77617
116,Fredrick,Durrand,fdurrand37@photobucket.com,Male,Suite 57
117,Wilbert,Peterson,wpeterson38@arizona.edu,Male,4th Floor
118,Helene,Goldstraw,hgoldstraw39@privacy.gov.au,Female,Room 1835
119,Aleen,Coudray,acoudray3a@vk.com,Female,PO Box 91035
120,Gard,Borres,gborres3b@weebly.com,Male,Room 750
121,Catlin,Odam,codam3c@t-online.de,Female,PO Box 98206
122,Bale,Fluit,bfluit3d@toplist.cz,Male,Apt 1474
123,Dalt,Broadnicke,dbroadnicke3e@mashable.com,Male,PO Box 50730
124,Olivero,Geldeford,ogeldeford3f@toplist.cz,Male,Apt 1793
125,Laura,Breedy,lbreedy3g@webeden.co.uk,Female,Apt 1476
126,Gilbert,Tripe,gtripe3h@lycos.com,Male,14th Floor
127,Maritsa,Jozwicki,mjozwicki3i@harvard.edu,Female,PO Box 58997
128,Humfrid,Duthie,hduthie3j@bizjournals.com,Male,Suite 55
129,Innis,Wadman,iwadman3k@independent.co.uk,Bigender,Suite 74
130,Jedd,Parris,jparris3l@trellian.com,Male,Apt 1246
131,Mitchel,Dulieu,mdulieu3m@typepad.com,Male,8th Floor
132,Roley,Astle,rastle3n@simplemachines.org,Male,Apt 1414
133,Rozanna,Degue,rdegue3o@usgs.gov,Genderqueer,Apt 1322
134,Giraud,Doyland,gdoyland3p@apache.org,Male,Suite 8
135,Fredrick,Isaksen,fisaksen3q@ebay.co.uk,Male,Room 1013
136,Raf,Gun,rgun3r@buzzfeed.com,Female,Apt 776
137,Maddi,Huish,mhuish3s@samsung.com,Female,PO Box 34994
138,Dennis,Axup,daxup3t@chron.com,Male,Suite 81
139,Meredeth,Conry,mconry3u@netvibes.com,Male,Room 57
140,Pansy,Halloway,phalloway3v@blogger.com,Female,8th Floor
141,Marcelia,Worland,mworland3w@phoca.cz,Female,Room 1969
142,Francyne,Bayston,fbayston3x@bloglines.com,Female,Suite 67
143,Jolie,Skatcher,jskatcher3y@senate.gov,Genderfluid,Suite 14
144,Garek,Luetkemeyers,gluetkemeyers3z@fc2.com,Male,Apt 1104
145,Maurits,Scrafton,mscrafton40@opensource.org,Male,Apt 1006
146,Yovonnda,Frusher,yfrusher41@edublogs.org,Non-binary,Room 1683
147,Kenton,Ruslen,kruslen42@phpbb.com,Male,Apt 244
148,Willyt,Treweela,wtreweela43@wordpress.com,Female,Room 1708
149,Lurette,Chadband,lchadband44@diigo.com,Female,PO Box 94565
150,Giusto,Pourvoieur,gpourvoieur45@redcross.org,Bigender,Suite 61
151,Stacy,Glaum,sglaum46@cafepress.com,Genderfluid,Suite 76
152,Stevana,Eyres,seyres47@zdnet.com,Female,PO Box 97369
153,Stefania,Piff,spiff48@unesco.org,Female,1st Floor
154,Janifer,Sharpling,jsharpling49@naver.com,Female,Room 1256
155,Odilia,Dybell,odybell4a@ca.gov,Female,Room 873
156,Cindy,Alu,calu4b@xrea.com,Female,12th Floor
157,Nixie,Pittem,npittem4c@abc.net.au,Female,Room 566
158,Margaretta,Lebel,mlebel4d@networkadvertising.org,Female,Apt 1129
159,Jobye,O'Dogherty,jodogherty4e@artisteer.com,Female,PO Box 42018
160,Konstantine,Cirlos,kcirlos4f@ow.ly,Male,Room 1877
161,Bethena,Feldman,bfeldman4g@macromedia.com,Female,13th Floor
162,Kayley,O'Connor,koconnor4h@berkeley.edu,Female,Apt 210
163,Berti,Beake,bbeake4i@bbb.org,Male,Room 1227
164,Elwood,Fumagalli,efumagalli4j@phoca.cz,Male,Apt 1688
165,Joanne,Felix,jfelix4k@ucla.edu,Agender,Apt 1441
166,Elladine,Vigne,evigne4l@ucoz.ru,Female,Apt 811
167,Leopold,Robjohns,lrobjohns4m@macromedia.com,Male,Room 446
168,Marji,Mayoral,mmayoral4n@plala.or.jp,Agender,Apt 852
169,Sherie,Breyt,sbreyt4o@twitpic.com,Polygender,10th Floor
170,Fleur,De Caville,fdecaville4p@ow.ly,Genderfluid,Suite 16
171,Myrle,Gilloran,mgilloran4q@wordpress.com,Female,PO Box 64740
172,Bettine,Lattin,blattin4r@webeden.co.uk,Genderqueer,11th Floor
173,Jedd,Hollow,jhollow4s@cnn.com,Male,Apt 1093
174,Geneva,Bottrell,gbottrell4t@tuttocitta.it,Female,Room 1634
175,Clifford,Campes,ccampes4u@hc360.com,Male,Suite 34
176,Swen,Vasler,svasler4v@chron.com,Male,PO Box 92590
177,Kleon,Bassam,kbassam4w@bbc.co.uk,Male,Apt 1700
178,Jo ann,Arne,jarne4x@posterous.com,Female,Apt 1975
179,Tabor,Beames,tbeames4y@yale.edu,Male,Apt 1833
180,Ajay,Forge,aforge4z@multiply.com,Female,PO Box 42009
181,Siegfried,Errowe,serrowe50@xinhuanet.com,Male,Apt 1590
182,Mario,Playford,mplayford51@arizona.edu,Male,Suite 90
183,Roland,Staten,rstaten52@feedburner.com,Non-binary,Room 621
184,Natassia,McLucky,nmclucky53@etsy.com,Female,Room 1723
185,Roby,Nafzger,rnafzger54@google.it,Female,Suite 87
186,Sephira,Abrashkov,sabrashkov55@npr.org,Female,Apt 119
187,Neala,Flintoff,nflintoff56@wiley.com,Female,PO Box 35133
188,Kyle,Rallings,krallings57@freewebs.com,Male,Room 1604
189,Auberon,Whetton,awhetton58@usa.gov,Male,Room 1394
190,Leonid,Emerson,lemerson59@va.gov,Male,8th Floor
191,Walton,Birtwhistle,wbirtwhistle5a@ucsd.edu,Genderfluid,PO Box 56972
192,Salli,Corten,scorten5b@jiathis.com,Female,Apt 1864
193,Allyn,Blackston,ablackston5c@addthis.com,Male,PO Box 71039
194,Mable,Cornejo,mcornejo5d@newsvine.com,Female,Apt 735
195,Sonnie,Snarie,ssnarie5e@unesco.org,Female,11th Floor
196,Sidnee,Janowski,sjanowski5f@japanpost.jp,Male,Apt 1776
197,Goober,Bing,gbing5g@gmpg.org,Male,Suite 44
198,Mervin,Brinded,mbrinded5h@theglobeandmail.com,Male,Room 1577
199,Mitchell,Slegg,mslegg5i@xing.com,Male,PO Box 41909
200,Vittoria,MacMichael,vmacmichael5j@aboutads.info,Female,15th Floor
201,Fabian,Gerok,fgerok5k@google.cn,Male,Apt 434
202,Quintana,Softley,qsoftley5l@deviantart.com,Female,PO Box 23089
203,Tove,May,tmay5m@themeforest.net,Female,7th Floor
204,Kendell,Showering,kshowering5n@webeden.co.uk,Male,Apt 46
205,Carmon,Gerbi,cgerbi5o@nymag.com,Female,Suite 58
206,Jelene,Mengue,jmengue5p@blinklist.com,Female,Room 495
207,Lemmy,Cassy,lcassy5q@latimes.com,Male,Suite 4
208,Gracie,Yearnes,gyearnes5r@qq.com,Female,Room 1847
209,Shay,Dhenin,sdhenin5s@themeforest.net,Male,Apt 597
210,Jordana,Fonteyne,jfonteyne5t@a8.net,Female,Suite 70
211,Kirk,Gray,kgray5u@springer.com,Male,Room 1000
212,Barton,Bedboro,bbedboro5v@nytimes.com,Male,7th Floor
213,Raquela,Hamnett,rhamnett5w@devhub.com,Female,Apt 1325
214,Rog,Schachter,rschachter5x@cnet.com,Male,PO Box 77475
215,Jakie,Masse,jmasse5y@trellian.com,Bigender,Room 1247
216,Garreth,Breckenridge,gbreckenridge5z@slashdot.org,Male,Apt 1006
217,Corny,Dugall,cdugall60@cafepress.com,Male,PO Box 85800
218,Allistir,Whitney,awhitney61@freewebs.com,Male,5th Floor
219,Ferdie,Capun,fcapun62@cnet.com,Male,Room 1199
220,Gelya,Gussie,ggussie63@last.fm,Female,PO Box 95281
221,Wye,Field,wfield64@yolasite.com,Male,Suite 34
222,Kristian,Morcom,kmorcom65@patch.com,Male,17th Floor
223,Diego,Titherington,dtitherington66@woothemes.com,Male,14th Floor
224,Marten,Robelet,mrobelet67@netlog.com,Male,Apt 895
225,Cybil,Bolter,cbolter68@t-online.de,Female,PO Box 51123
226,Sven,Gounod,sgounod69@bluehost.com,Male,Room 1169
227,Tammy,O'Deoran,todeoran6a@blogs.com,Polygender,Suite 58
228,Andris,Bennett,abennett6b@symantec.com,Male,PO Box 82766
229,Vicky,Pitts,vpitts6c@archive.org,Female,Suite 21
230,Bethanne,Ovens,bovens6d@bravesites.com,Female,14th Floor
231,Stanford,Buye,sbuye6e@jimdo.com,Male,Suite 64
232,Pepillo,Marklund,pmarklund6f@cocolog-nifty.com,Male,16th Floor
233,Trixi,Baggally,tbaggally6g@shareasale.com,Female,PO Box 3608
234,Darrel,Gerred,dgerred6h@clickbank.net,Male,Apt 714
235,Ban,Cunnington,bcunnington6i@storify.com,Male,Suite 17
236,Joyous,Iannazzi,jiannazzi6j@topsy.com,Female,PO Box 35029
237,Lise,Pettigrew,lpettigrew6k@pen.io,Female,Apt 753
238,Graeme,Atterley,gatterley6l@aol.com,Male,Room 1806
239,Knox,Hlavac,khlavac6m@shinystat.com,Male,7th Floor
240,Lek,Gourlay,lgourlay6n@state.gov,Male,Room 1735
241,Ram,Maffia,rmaffia6o@zimbio.com,Male,Suite 59
242,Eduardo,Tyers,etyers6p@typepad.com,Male,Suite 3
243,Corbin,Hayhow,chayhow6q@ebay.com,Genderqueer,Suite 47
244,Cal,Fronczak,cfronczak6r@latimes.com,Male,Suite 64
245,Man,Rutherfoord,mrutherfoord6s@ifeng.com,Male,13th Floor
246,Faythe,Golborn,fgolborn6t@mozilla.org,Female,PO Box 15525
247,April,Clapshaw,aclapshaw6u@craigslist.org,Female,Room 849
248,Norry,Spain-Gower,nspaingower6v@reuters.com,Male,Apt 1991
249,Vanna,Bardill,vbardill6w@guardian.co.uk,Female,Suite 37
250,Vergil,Isakov,visakov6x@sphinn.com,Agender,Apt 179
251,Dena,Millea,dmillea6y@huffingtonpost.com,Female,Room 1902
252,Florrie,Pawsey,fpawsey6z@studiopress.com,Female,Suite 47
253,Daron,Lambotin,dlambotin70@bigcartel.com,Female,PO Box 28624
254,Bertie,Logesdale,blogesdale71@drupal.org,Male,Suite 61
255,Giustina,Severwright,gseverwright72@addthis.com,Female,Apt 1699
256,Sax,Curdell,scurdell73@yahoo.com,Male,Room 1448
257,Konstanze,Donoghue,kdonoghue74@topsy.com,Female,Room 781
258,Irita,Dutnell,idutnell75@biglobe.ne.jp,Female,8th Floor
259,Pauly,Bernardelli,pbernardelli76@who.int,Female,Suite 68
260,Nolana,Dawton,ndawton77@shareasale.com,Female,Room 1060
261,Leone,Renad,lrenad78@com.com,Female,Room 1082
262,Calypso,Bullock,cbullock79@engadget.com,Female,PO Box 28378
263,Penrod,O'Fallone,pofallone7a@google.co.uk,Male,6th Floor
264,Alexander,Drain,adrain7b@nifty.com,Male,18th Floor
265,Sibbie,Castanone,scastanone7c@dyndns.org,Female,Suite 51
266,Malynda,Yate,myate7d@surveymonkey.com,Female,Room 1468
267,Creight,Orhtmann,corhtmann7e@opensource.org,Male,Room 136
268,Whittaker,Brugemann,wbrugemann7f@ft.com,Non-binary,15th Floor
269,Deeyn,Whitmore,dwhitmore7g@yelp.com,Female,Apt 1732
270,Herve,Hann,hhann7h@studiopress.com,Male,Room 1730
271,Dalton,Royl,droyl7i@harvard.edu,Male,5th Floor
272,Jocko,Barter,jbarter7j@myspace.com,Agender,Suite 63
273,Woodie,Kastel,wkastel7k@chron.com,Male,Apt 399
274,Bradley,Raynard,braynard7l@cdc.gov,Genderqueer,Room 1721
275,Noland,Monget,nmonget7m@vinaora.com,Male,16th Floor
276,Eimile,Sawart,esawart7n@si.edu,Female,PO Box 84873
277,Laina,Curee,lcuree7o@ft.com,Female,16th Floor
278,Bella,Dodell,bdodell7p@ezinearticles.com,Female,Suite 9
279,Edythe,Parrott,eparrott7q@sun.com,Non-binary,Room 1497
280,Dewain,Ducker,dducker7r@joomla.org,Male,Room 1200
281,Vladamir,Sentinella,vsentinella7s@howstuffworks.com,Male,4th Floor
282,Therese,Caldeiro,tcaldeiro7t@flickr.com,Female,Suite 58
283,Emmanuel,Mose,emose7u@youtube.com,Male,Apt 241
284,Lezlie,Klarzynski,lklarzynski7v@altervista.org,Female,Room 518
285,Nada,Whall,nwhall7w@typepad.com,Female,Suite 76
286,Farrell,Bedenham,fbedenham7x@si.edu,Male,Apt 1528
287,Reta,Belli,rbelli7y@webs.com,Female,Room 651
288,Amalee,Franey,afraney7z@paginegialle.it,Female,Apt 546
289,Vivia,Iverson,viverson80@ftc.gov,Female,PO Box 24688
290,Edvard,Costley,ecostley81@stanford.edu,Male,Room 302
291,Rosalinda,Sleney,rsleney82@chicagotribune.com,Female,3rd Floor
292,Nadya,Artist,nartist83@engadget.com,Female,Suite 79
293,Hendrick,Szach,hszach84@edublogs.org,Male,PO Box 36528
294,Reade,Deesly,rdeesly85@microsoft.com,Male,PO Box 8541
295,Bernardine,Scoffins,bscoffins86@netscape.com,Female,Room 164
296,Kerr,Pavlov,kpavlov87@google.es,Male,PO Box 84914
297,Niles,Gabbitis,ngabbitis88@ucla.edu,Male,Suite 35
298,Brigitte,Nolleth,bnolleth89@sina.com.cn,Female,PO Box 42771
299,Kalina,Pawden,kpawden8a@nsw.gov.au,Female,PO Box 84661
300,Ciel,Lightollers,clightollers8b@last.fm,Genderfluid,Room 1715
301,Mason,Sparrowe,msparrowe8c@yandex.ru,Male,Apt 1286
302,Allene,Perrington,aperrington8d@businesswire.com,Female,Room 941
303,Johnette,Hyland,jhyland8e@cocolog-nifty.com,Agender,Apt 80
304,Wylie,Gummary,wgummary8f@skyrock.com,Male,Apt 1373
305,Hamlin,Loram,hloram8g@walmart.com,Male,Room 196
306,Bibbie,Noone,bnoone8h@ox.ac.uk,Female,13th Floor
307,Allayne,Rheaume,arheaume8i@wsj.com,Male,13th Floor
308,Rodger,Flello,rflello8j@salon.com,Male,Apt 1623
309,Ania,Eslinger,aeslinger8k@theglobeandmail.com,Female,Suite 66
310,Garry,Dumphy,gdumphy8l@exblog.jp,Male,Apt 1986
311,Orelie,Benardet,obenardet8m@slashdot.org,Genderfluid,Apt 900
312,Gregor,Ennor,gennor8n@miitbeian.gov.cn,Male,PO Box 76674
313,Suzanne,Glynn,sglynn8o@sun.com,Female,10th Floor
314,Beatrix,Bull,bbull8p@wufoo.com,Female,PO Box 26385
315,Valencia,Iannuzzelli,viannuzzelli8q@dot.gov,Female,Suite 74
316,Rheba,Lorden,rlorden8r@merriam-webster.com,Female,15th Floor
317,Cynthia,McClancy,cmcclancy8s@w3.org,Female,Suite 21
318,Ingrim,Greengrass,igreengrass8t@trellian.com,Male,Suite 2
319,Harper,Hitzmann,hhitzmann8u@purevolume.com,Male,Suite 74
320,Hamid,Edelmann,hedelmann8v@acquirethisname.com,Male,Room 1374
321,Bethany,Lantoph,blantoph8w@phoca.cz,Female,PO Box 7947
322,Jilli,Orry,jorry8x@earthlink.net,Female,Suite 7
323,Crystal,Bartunek,cbartunek8y@xinhuanet.com,Female,17th Floor
324,Charlot,De Pero,cdepero8z@jigsy.com,Female,PO Box 47261
325,Sela,Reedie,sreedie90@about.com,Female,4th Floor
326,Hardy,Merman,hmerman91@joomla.org,Male,Room 628
327,Emelyne,Lamperti,elamperti92@shutterfly.com,Female,7th Floor
328,Bailie,Emig,bemig93@state.gov,Male,Suite 100
329,Helyn,Benallack,hbenallack94@epa.gov,Female,Room 1891
330,Izaak,Pensom,ipensom95@washingtonpost.com,Male,Suite 1
331,Dionisio,Sallarie,dsallarie96@com.com,Male,16th Floor
332,Nicolis,Demonge,ndemonge97@last.fm,Male,15th Floor
333,Chucho,Iacoboni,ciacoboni98@toplist.cz,Male,Room 866
334,Dorice,Nathan,dnathan99@sun.com,Female,PO Box 37751
335,Burke,Bubeer,bbubeer9a@nasa.gov,Male,10th Floor
336,Beck,Shefton,bshefton9b@ihg.com,Male,Room 456
337,Cinda,Weadick,cweadick9c@ed.gov,Agender,Suite 70
338,Cynthy,Richter,crichter9d@lycos.com,Female,PO Box 45148
339,Andrei,Totterdell,atotterdell9e@about.me,Female,7th Floor
340,Catlin,Drissell,cdrissell9f@nih.gov,Female,Suite 98
341,Brucie,Tirte,btirte9g@amazon.com,Male,Suite 54
342,Jessamyn,Mitkov,jmitkov9h@google.pl,Female,10th Floor
343,Kingsley,Youle,kyoule9i@disqus.com,Male,Suite 73
344,Walden,Marjot,wmarjot9j@bluehost.com,Male,Apt 27
345,Elliott,Lowis,elowis9k@ow.ly,Male,Apt 370
346,Aimee,McGrah,amcgrah9l@bing.com,Female,Room 1564
347,Janaya,Boomes,jboomes9m@ft.com,Female,Room 1447
348,Goddart,Stienham,gstienham9n@artisteer.com,Male,Suite 73
349,Fin,Jovis,fjovis9o@fastcompany.com,Male,Room 734
350,Carol,Jansa,cjansa9p@amazon.de,Female,Apt 1159
351,Brooks,Davidsohn,bdavidsohn9q@i2i.jp,Female,PO Box 47943
352,Chickie,Josefsen,cjosefsen9r@spotify.com,Female,PO Box 3424
353,Jeremias,Hedgeman,jhedgeman9s@ifeng.com,Male,Suite 15
354,Willy,Caldaro,wcaldaro9t@gnu.org,Female,12th Floor
355,Nicolette,Holdey,nholdey9u@boston.com,Female,Suite 80
356,Rolfe,O'Carney,rocarney9v@acquirethisname.com,Male,Apt 1981
357,Pippy,Stimson,pstimson9w@redcross.org,Female,Apt 1713
358,Jarad,Crang,jcrang9x@wiley.com,Male,4th Floor
359,Kattie,Bernardinelli,kbernardinelli9y@istockphoto.com,Female,Suite 44
360,Lissy,Capehorn,lcapehorn9z@sun.com,Female,Room 1765
361,Arley,Franzini,afranzinia0@fotki.com,Male,Apt 699
362,Monty,Allix,mallixa1@va.gov,Male,Suite 3
363,Lemmy,Eveque,levequea2@i2i.jp,Male,Apt 18
364,Fern,Abele,fabelea3@uol.com.br,Female,Apt 643
365,Eleanora,Olsson,eolssona4@yale.edu,Agender,PO Box 18565
366,Felipa,Audley,faudleya5@networkadvertising.org,Female,Apt 35
367,Elisha,Domeny,edomenya6@cdbaby.com,Male,PO Box 91272
368,Alon,Domel,adomela7@tripod.com,Male,Apt 592
369,Keely,Dumphries,kdumphriesa8@imgur.com,Female,2nd Floor
370,Mable,Tamsett,mtamsetta9@myspace.com,Female,Apt 1657
371,Micah,Learmonth,mlearmonthaa@cloudflare.com,Male,13th Floor
372,Thatch,Pinchen,tpinchenab@google.com,Male,Suite 3
373,Galven,Mathieu,gmathieuac@latimes.com,Male,Room 1778
374,Neddie,Daviddi,ndaviddiad@lulu.com,Male,Apt 911
375,Aleece,Audas,aaudasae@ezinearticles.com,Female,13th Floor
376,Jeffry,Twinning,jtwinningaf@theguardian.com,Male,15th Floor
377,Bendite,Amey,bameyag@dot.gov,Female,PO Box 15327
378,Calida,Leindecker,cleindeckerah@pinterest.com,Female,Suite 28
379,Morty,Briston,mbristonai@csmonitor.com,Male,Room 207
380,Phedra,Clawsley,pclawsleyaj@slate.com,Female,6th Floor
381,Trista,Lidierth,tlidierthak@gravatar.com,Female,Apt 673
382,Selina,Blakeman,sblakemanal@census.gov,Female,Room 1511
383,Vivian,Edmund,vedmundam@mapquest.com,Female,Room 1601
384,Hyman,MacTimpany,hmactimpanyan@ameblo.jp,Male,PO Box 84438
385,Karlene,Nangle,knangleao@noaa.gov,Female,PO Box 54644
386,Ingeberg,Pallasch,ipallaschap@shinystat.com,Female,Apt 1348
387,Theodoric,Joselin,tjoselinaq@mediafire.com,Male,Suite 86
388,Cindi,Stentiford,cstentifordar@people.com.cn,Female,Suite 15
389,Myrwyn,Agastina,magastinaas@forbes.com,Male,Room 181
390,Jeramey,Bentje,jbentjeat@economist.com,Male,Room 1514
391,Theo,Aleixo,taleixoau@wp.com,Male,18th Floor
392,Roslyn,Edwicke,redwickeav@abc.net.au,Female,12th Floor
393,Vaclav,Lorentz,vlorentzaw@shareasale.com,Male,Room 138
394,Herc,Pilcher,hpilcherax@engadget.com,Male,Room 817
395,Bondie,Coughlan,bcoughlanay@livejournal.com,Genderfluid,PO Box 4344
396,Jon,Nance,jnanceaz@altervista.org,Male,PO Box 29374
397,Salomi,Flaxman,sflaxmanb0@twitter.com,Female,Room 767
398,Paulo,Marchington,pmarchingtonb1@census.gov,Male,PO Box 78301
399,Peyton,Flello,pflellob2@phpbb.com,Genderfluid,Apt 779
400,Emmaline,Castagnet,ecastagnetb3@usa.gov,Female,PO Box 75229
401,Earle,McCauley,emccauleyb4@sitemeter.com,Male,Suite 15
402,Crysta,Wellan,cwellanb5@aboutads.info,Female,Apt 1155
403,Loretta,Caveill,lcaveillb6@ft.com,Female,Suite 5
404,Zelma,Vurley,zvurleyb7@wikimedia.org,Female,Apt 1587
405,Fanchette,Biddiss,fbiddissb8@examiner.com,Female,Apt 668
406,Carolynn,Brant,cbrantb9@google.co.jp,Female,Room 854
407,Paxon,Frankton,pfranktonba@ning.com,Male,Room 717
408,Mickie,Jarlmann,mjarlmannbb@163.com,Male,17th Floor
409,Jacques,Lafranconi,jlafranconibc@bing.com,Polygender,Room 1504
410,Kin,Eaddy,keaddybd@nytimes.com,Male,2nd Floor
411,Bonnee,Dunklee,bdunkleebe@dot.gov,Female,PO Box 66667
412,Kenyon,Leal,klealbf@reddit.com,Male,PO Box 95241
413,Pollyanna,Tolland,ptollandbg@biglobe.ne.jp,Female,PO Box 64062
414,Nevil,Molder,nmolderbh@state.tx.us,Male,Room 571
415,Feodora,Draayer,fdraayerbi@columbia.edu,Female,PO Box 9672
416,Arny,Brewerton,abrewertonbj@smugmug.com,Male,Apt 1532
417,Mack,Hambelton,mhambeltonbk@economist.com,Male,Suite 5
418,Ephrayim,Chelley,echelleybl@cmu.edu,Male,Room 268
419,Job,Ellings,jellingsbm@elegantthemes.com,Male,Apt 1088
420,Keslie,Kirsche,kkirschebn@trellian.com,Female,PO Box 56227
421,Win,Carnduff,wcarnduffbo@wikia.com,Male,Apt 1736
422,Myrna,De Haven,mdehavenbp@smh.com.au,Female,PO Box 43937
423,Marvin,Richardin,mrichardinbq@ibm.com,Bigender,PO Box 88424
424,Hurlee,Kenion,hkenionbr@hostgator.com,Male,8th Floor
425,Alfreda,Mynett,amynettbs@51.la,Female,9th Floor
426,Killy,Grimsell,kgrimsellbt@linkedin.com,Male,Apt 1469
427,Gael,Sainteau,gsainteaubu@npr.org,Male,Room 1870
428,Cornelia,Lanston,clanstonbv@constantcontact.com,Female,Suite 3
429,Erskine,Petett,epetettbw@uol.com.br,Male,Apt 1344
430,Denny,Michie,dmichiebx@cbc.ca,Male,Room 110
431,Ervin,Stonhard,estonhardby@ed.gov,Male,Suite 71
432,Connie,Teggart,cteggartbz@elegantthemes.com,Female,Apt 1544
433,Vevay,Geri,vgeric0@mail.ru,Female,Room 764
434,Sid,Lucia,sluciac1@biglobe.ne.jp,Male,Apt 1230
435,Ives,Hollow,ihollowc2@bbb.org,Male,Apt 1996
436,Nobie,Briggs,nbriggsc3@baidu.com,Male,Suite 37
437,Saxon,Shellshear,sshellshearc4@naver.com,Male,Apt 911
438,Adamo,Roblett,aroblettc5@ycombinator.com,Male,PO Box 45548
439,Gabbi,Garford,ggarfordc6@netscape.com,Female,19th Floor
440,Deedee,Beamish,dbeamishc7@npr.org,Female,Suite 87
441,Skyler,Alps,salpsc8@ning.com,Male,Room 942
442,Bank,Peperell,bpeperellc9@devhub.com,Male,PO Box 48410
443,Tiphani,Elvin,telvinca@msn.com,Female,Room 1394
444,Alfi,Jarratt,ajarrattcb@whitehouse.gov,Female,10th Floor
445,Nealson,Dyos,ndyoscc@princeton.edu,Male,Suite 5
446,Valencia,Moehle,vmoehlecd@surveymonkey.com,Female,Suite 86
447,Isadora,Rearden,ireardence@themeforest.net,Female,Room 1056
448,Salim,Sandyfirth,ssandyfirthcf@baidu.com,Male,9th Floor
449,Phillipe,Paley,ppaleycg@4shared.com,Male,Apt 929
450,Luella,Jopp,ljoppch@amazon.com,Female,Room 1535
451,Emmalyn,Scutter,escutterci@biglobe.ne.jp,Female,PO Box 40548
452,Anatole,Tann,atanncj@comcast.net,Male,Room 1327
453,Shamus,Tuckwell,stuckwellck@baidu.com,Male,Room 399
454,Fidelio,Shepcutt,fshepcuttcl@baidu.com,Male,Room 121
455,Berke,Baffin,bbaffincm@latimes.com,Male,Room 29
456,Errol,Gossington,egossingtoncn@google.cn,Male,Suite 71
457,Valerie,Linsay,vlinsayco@furl.net,Genderqueer,5th Floor
458,Keary,Giacovetti,kgiacovetticp@devhub.com,Male,Room 922
459,Yvonne,Meaders,ymeaderscq@tripod.com,Female,PO Box 37419
460,Emily,Meanwell,emeanwellcr@posterous.com,Female,7th Floor
461,Yetta,Waistell,ywaistellcs@prlog.org,Female,PO Box 13188
462,Thorstein,McCourt,tmccourtct@linkedin.com,Male,Suite 4
463,Arlen,Drieu,adrieucu@unicef.org,Polygender,Apt 750
464,Rees,Hacun,rhacuncv@eepurl.com,Male,Suite 31
465,Willa,Ketley,wketleycw@nyu.edu,Female,Suite 79
466,Jamaal,Di Nisco,jdiniscocx@independent.co.uk,Male,PO Box 68566
467,Lonnie,Axleby,laxlebycy@fotki.com,Genderqueer,PO Box 41649
468,Missy,Rowen,mrowencz@businesswire.com,Female,Suite 55
469,Lianna,Hammerton,lhammertond0@miibeian.gov.cn,Female,10th Floor
470,Burg,Kensit,bkensitd1@globo.com,Male,Apt 674
471,Dirk,Pilgrim,dpilgrimd2@ucoz.ru,Male,8th Floor
472,Tiffi,Piller,tpillerd3@fc2.com,Female,Apt 751
473,Chauncey,Kloisner,ckloisnerd4@jimdo.com,Male,Suite 90
474,Paxon,Archley,parchleyd5@hubpages.com,Male,PO Box 53886
475,Roland,Skey,rskeyd6@goo.ne.jp,Male,9th Floor
476,Emogene,Holbie,eholbied7@google.fr,Female,PO Box 24393
477,Faunie,Attfield,fattfieldd8@nyu.edu,Female,Room 473
478,Clea,Cranston,ccranstond9@blog.com,Female,4th Floor
479,Ole,Batchelor,obatchelorda@mozilla.org,Male,Suite 18
480,Eve,Robertsen,erobertsendb@amazon.co.uk,Female,Room 1170
481,Archie,O'Ruane,aoruanedc@slashdot.org,Male,PO Box 44206
482,Reggie,Dilland,rdillanddd@paginegialle.it,Male,Suite 87
483,Clarie,Byrd,cbyrdde@ihg.com,Female,Room 1669
484,Vince,Blodgett,vblodgettdf@gravatar.com,Male,PO Box 40762
485,Scottie,Clail,sclaildg@xinhuanet.com,Male,Room 170
486,Olive,Bawle,obawledh@soup.io,Female,Suite 71
487,Katerine,Crayden,kcraydendi@ucsd.edu,Female,Suite 29
488,Frederich,Kornyshev,fkornyshevdj@mac.com,Male,Room 685
489,Violet,Fuller,vfullerdk@feedburner.com,Female,13th Floor
490,Ethelred,Moodycliffe,emoodycliffedl@msu.edu,Bigender,PO Box 76996
491,Jeni,Vine,jvinedm@amazon.de,Female,Room 1451
492,Samuele,Catcheside,scatchesidedn@slate.com,Male,PO Box 33031
493,Isabelle,Adriani,iadrianido@examiner.com,Female,Suite 69
494,Paige,Bisacre,pbisacredp@cocolog-nifty.com,Male,Suite 36
495,Shermie,Kinde,skindedq@behance.net,Male,1st Floor
496,Husein,Benley,hbenleydr@businessweek.com,Male,11th Floor
497,Margarita,Bestwick,mbestwickds@behance.net,Female,Suite 41
498,Franklin,Dolphin,fdolphindt@bing.com,Male,Apt 358
499,Ardisj,Cuddehy,acuddehydu@biglobe.ne.jp,Female,Suite 10
500,Crystie,Lennie,clenniedv@amazon.co.jp,Female,Room 1325
501,Thoma,Waple,twapledw@spiegel.de,Male,Apt 706
502,Robin,Shailer,rshailerdx@toplist.cz,Female,Apt 1598
503,Vitoria,Aaronsohn,vaaronsohndy@sciencedirect.com,Genderqueer,17th Floor
504,Dew,Currin,dcurrindz@bravesites.com,Male,PO Box 76586
505,Vernen,Nix,vnixe0@shutterfly.com,Male,Suite 9
506,Adriena,Bowra,abowrae1@salon.com,Female,Room 852
507,Farah,Sinyard,fsinyarde2@jigsy.com,Female,PO Box 65427
508,Christy,Willcox,cwillcoxe3@lulu.com,Male,PO Box 64607
509,Elianore,Boocock,eboococke4@ow.ly,Female,15th Floor
510,Phaedra,Coulston,pcoulstone5@hatena.ne.jp,Genderfluid,Apt 1194
511,Rolando,Tunnock,rtunnocke6@facebook.com,Male,20th Floor
512,Wynny,Gosnay,wgosnaye7@reddit.com,Female,Room 1659
513,Brigg,Denniston,bdennistone8@qq.com,Male,Apt 265
514,Brandea,Kirsopp,bkirsoppe9@sakura.ne.jp,Female,Room 961
515,Roman,Glacken,rglackenea@pbs.org,Male,Suite 43
516,Natividad,Leppard,nleppardeb@aol.com,Genderqueer,Apt 1697
517,Yance,Inglefield,yinglefieldec@blogspot.com,Male,20th Floor
518,Marlie,Ledgerton,mledgertoned@i2i.jp,Female,Apt 182
519,Megen,Detoc,mdetocee@ow.ly,Polygender,20th Floor
520,Elane,Champley,echampleyef@nationalgeographic.com,Female,PO Box 18120
521,Lois,Skains,lskainseg@wikimedia.org,Female,PO Box 99781
522,Sherlock,Gatheridge,sgatheridgeeh@rakuten.co.jp,Male,PO Box 85733
523,Kirk,Romans,kromansei@biglobe.ne.jp,Male,Suite 80
524,Michael,Hayes,mhayesej@reuters.com,Male,Suite 39
525,Vevay,Diglin,vdiglinek@mail.ru,Non-binary,Suite 100
526,Timothee,Fomichkin,tfomichkinel@businesswire.com,Male,Room 982
527,Genni,Collocott,gcollocottem@moonfruit.com,Female,16th Floor
528,Barbra,Swatheridge,bswatheridgeen@infoseek.co.jp,Female,Suite 62
529,Tanitansy,Bratten,tbratteneo@yellowbook.com,Female,Suite 96
530,Garrett,Toman,gtomanep@oakley.com,Male,Suite 23
531,Bernadette,Alennikov,balennikoveq@mit.edu,Female,PO Box 40309
532,Angelle,Verbrugge,averbruggeer@cnbc.com,Female,17th Floor
533,Dolli,Lesek,dlesekes@mozilla.com,Female,Suite 60
534,Ekaterina,Brisset,ebrissetet@indiegogo.com,Female,Room 1938
535,Camel,Raphael,craphaeleu@timesonline.co.uk,Female,20th Floor
536,Engracia,Cosely,ecoselyev@cafepress.com,Female,Room 1140
537,Marlon,Addicote,maddicoteew@un.org,Male,Suite 22
538,Clemmy,Leiden,cleidenex@themeforest.net,Male,Room 1444
539,Gavan,Dodswell,gdodswelley@purevolume.com,Male,Room 553
540,Frederica,Jeffry,fjeffryez@desdev.cn,Female,Suite 96
541,Tiphanie,Gilluley,tgilluleyf0@dmoz.org,Agender,Room 752
542,Vidovic,Deniskevich,vdeniskevichf1@edublogs.org,Male,Suite 38
543,Emlynn,Giraux,egirauxf2@upenn.edu,Female,Apt 40
544,Cordy,Patershall,cpatershallf3@newyorker.com,Male,PO Box 45006
545,Modestia,Medhurst,mmedhurstf4@tripod.com,Female,PO Box 70359
546,Ariela,Dimitrie,adimitrief5@patch.com,Female,Room 10
547,Haily,Kubec,hkubecf6@mac.com,Female,PO Box 94221
548,Carlita,Hoodless,choodlessf7@barnesandnoble.com,Female,Room 488
549,Allie,Braidwood,abraidwoodf8@latimes.com,Male,Room 774
550,Elissa,Escoffrey,eescoffreyf9@shop-pro.jp,Female,PO Box 37185
551,Ealasaid,Crut,ecrutfa@gizmodo.com,Female,Room 947
552,Harold,Liverseege,hliverseegefb@china.com.cn,Male,Apt 438
553,Naoma,Sickling,nsicklingfc@twitter.com,Non-binary,PO Box 28403
554,Hobey,Stone Fewings,hstonefewingsfd@omniture.com,Male,Apt 1793
555,Star,Rush,srushfe@skype.com,Female,PO Box 15911
556,Koenraad,Saltman,ksaltmanff@upenn.edu,Male,Apt 688
557,Gaynor,Lemin,gleminfg@tripod.com,Female,Suite 93
558,Benjamen,Burkart,bburkartfh@artisteer.com,Male,Room 1111
559,Devin,Broinlich,dbroinlichfi@google.cn,Male,PO Box 29589
560,Thaddus,Caulkett,tcaulkettfj@hugedomains.com,Male,Apt 1542
561,Timmie,Crush,tcrushfk@google.pl,Female,Suite 78
562,Marty,Filipowicz,mfilipowiczfl@seesaa.net,Female,Room 737
563,Jade,Mosten,jmostenfm@theguardian.com,Female,Apt 251
564,Meriel,Iacomini,miacominifn@japanpost.jp,Female,Room 508
565,Loria,Alexsandrev,lalexsandrevfo@ning.com,Female,Apt 1022
566,Anjanette,Broadist,abroadistfp@boston.com,Female,PO Box 5711
567,Fernanda,Mallan,fmallanfq@exblog.jp,Female,Room 404
568,Quintus,Kench,qkenchfr@biglobe.ne.jp,Male,Apt 198
569,Selene,May,smayfs@goodreads.com,Female,4th Floor
570,Jakob,Gillivrie,jgillivrieft@intel.com,Male,Room 1039
571,Meredithe,Jandera,mjanderafu@google.ca,Female,4th Floor
572,Joell,Warstall,jwarstallfv@devhub.com,Female,PO Box 67585
573,Worthington,Brentnall,wbrentnallfw@oakley.com,Male,PO Box 19418
574,Nana,Chadd,nchaddfx@oakley.com,Female,Apt 170
575,Vick,Horney,vhorneyfy@imdb.com,Male,PO Box 91618
576,Orbadiah,Escala,oescalafz@boston.com,Male,PO Box 76961
577,Chryste,Abden,cabdeng0@walmart.com,Female,PO Box 84480
578,Braden,Gowdridge,bgowdridgeg1@gnu.org,Male,Suite 55
579,Tiffani,Holwell,tholwellg2@adobe.com,Female,Apt 1159
580,Honey,Jepperson,hjeppersong3@intel.com,Female,9th Floor
581,Annette,Simecek,asimecekg4@umn.edu,Female,PO Box 37423
582,Mervin,Lamberts,mlambertsg5@tmall.com,Male,Apt 410
583,Lucine,McCobb,lmccobbg6@hatena.ne.jp,Female,Room 1424
584,Zachery,Blasetti,zblasettig7@cam.ac.uk,Male,Room 226
585,Erina,Penrice,epenriceg8@bbc.co.uk,Female,Apt 1907
586,Marcile,Martill,mmartillg9@digg.com,Female,Apt 1827
587,Fiann,Foort,ffoortga@xrea.com,Female,6th Floor
588,Willdon,Roll,wrollgb@mtv.com,Male,Suite 55
589,Gallard,Gierhard,ggierhardgc@ed.gov,Male,11th Floor
590,Hedi,Burgan,hburgangd@ucoz.ru,Female,PO Box 11823
591,Martelle,Beacham,mbeachamge@pagesperso-orange.fr,Genderqueer,10th Floor
592,Nahum,Bresnahan,nbresnahangf@cdc.gov,Male,1st Floor
593,Aristotle,Pickrill,apickrillgg@acquirethisname.com,Male,Apt 1026
594,Whit,Godlee,wgodleegh@forbes.com,Male,Suite 92
595,Kareem,Billborough,kbillboroughgi@mit.edu,Male,Apt 1028
596,Perkin,Cornill,pcornillgj@discovery.com,Male,Apt 1147
597,Taffy,Noorwood,tnoorwoodgk@pbs.org,Female,Suite 90
598,Avivah,Orrill,aorrillgl@vistaprint.com,Female,Room 1028
599,Dicky,Kiraly,dkiralygm@rakuten.co.jp,Male,Suite 81
600,Rafaela,Stenners,rstennersgn@drupal.org,Female,Room 1432
601,Debby,Spikeings,dspikeingsgo@posterous.com,Female,Apt 1303
602,Gusta,Lysaght,glysaghtgp@google.de,Female,Suite 23
603,Brockie,Ferson,bfersongq@cmu.edu,Male,PO Box 64665
604,Catriona,Gethen,cgethengr@nyu.edu,Female,16th Floor
605,Ag,Paradise,aparadisegs@163.com,Female,Suite 24
606,Filide,McFaul,fmcfaulgt@squidoo.com,Female,PO Box 67343
607,Emalee,Mathelin,emathelingu@ebay.com,Non-binary,Room 1248
608,Ludwig,Muldrew,lmuldrewgv@oakley.com,Genderqueer,Suite 8
609,Christian,Nicholas,cnicholasgw@thetimes.co.uk,Female,Apt 484
610,Northrup,Giorgini,ngiorginigx@apple.com,Male,Room 1461
611,Christy,Bowen,cbowengy@mtv.com,Genderqueer,Apt 1054
612,Viole,Plascott,vplascottgz@blogspot.com,Female,Room 1081
613,Maisie,Steuart,msteuarth0@istockphoto.com,Female,PO Box 96588
614,Jerrie,Leverage,jleverageh1@jiathis.com,Male,PO Box 88535
615,Ofella,Wolffers,owolffersh2@icio.us,Female,Suite 88
616,Dudley,Applewhite,dapplewhiteh3@vkontakte.ru,Male,Apt 679
617,Vassily,Land,vlandh4@bloglines.com,Male,Apt 39
618,Morten,Dominighi,mdominighih5@goo.gl,Male,Room 499
619,Belia,Goymer,bgoymerh6@zimbio.com,Female,Room 641
620,Deina,Norfolk,dnorfolkh7@narod.ru,Bigender,19th Floor
621,Tanhya,Semon,tsemonh8@bandcamp.com,Genderqueer,PO Box 66255
622,Andrea,Nother,anotherh9@cornell.edu,Female,19th Floor
623,Hermy,Jellman,hjellmanha@statcounter.com,Male,Apt 1074
624,Peria,Priestland,ppriestlandhb@google.nl,Female,Room 652
625,Tymothy,Jeanequin,tjeanequinhc@t.co,Male,PO Box 36682
626,Ethel,Cron,ecronhd@tamu.edu,Female,Room 1270
627,Hana,Oxbrow,hoxbrowhe@topsy.com,Female,Suite 5
628,Kayla,Aucourte,kaucourtehf@chronoengine.com,Female,3rd Floor
629,Armin,Elsy,aelsyhg@sakura.ne.jp,Male,17th Floor
630,Leo,MacClure,lmacclurehh@taobao.com,Male,Apt 928
631,Ailene,Overstone,aoverstonehi@nps.gov,Female,Room 258
632,Cordey,Pilch,cpilchhj@tiny.cc,Female,Room 212
633,Hewie,Greedy,hgreedyhk@redcross.org,Male,Apt 1127
634,Brooke,Hammelberg,bhammelberghl@slate.com,Female,3rd Floor
635,Christi,Alwin,calwinhm@arizona.edu,Female,PO Box 90067
636,Reidar,Cutchie,rcutchiehn@tumblr.com,Male,20th Floor
637,Linda,Baldock,lbaldockho@businesswire.com,Bigender,11th Floor
638,Urbanus,Jeffes,ujeffeshp@angelfire.com,Male,Room 38
639,Roarke,Eagell,reagellhq@nps.gov,Polygender,Apt 1907
640,Bartlet,Ezzy,bezzyhr@cmu.edu,Male,PO Box 11542
641,Gregoor,Morison,gmorisonhs@msn.com,Male,Suite 86
642,Karlis,Durie,kdurieht@weebly.com,Male,Suite 27
643,Durant,Janko,djankohu@nifty.com,Male,Apt 209
644,Allister,Dutnell,adutnellhv@homestead.com,Genderqueer,Apt 1213
645,Gerta,Gloyens,ggloyenshw@hostgator.com,Female,12th Floor
646,Jess,Fice,jficehx@themeforest.net,Male,PO Box 13299
647,Town,Danskine,tdanskinehy@guardian.co.uk,Male,PO Box 70449
648,Adele,Billyeald,abillyealdhz@sakura.ne.jp,Female,Room 1080
649,Dag,Shera,dsherai0@yale.edu,Male,PO Box 6641
650,Gus,Suggett,gsuggetti1@google.com.hk,Genderfluid,Room 1773
651,Amie,Ollivierre,aollivierrei2@virginia.edu,Female,Apt 78
652,Lita,Siggens,lsiggensi3@sbwire.com,Genderqueer,PO Box 65867
653,Othilie,Lea,oleai4@qq.com,Female,PO Box 71778
654,Howard,Rainbird,hrainbirdi5@pen.io,Male,Apt 1689
655,Burr,Ramsdale,bramsdalei6@ted.com,Male,Apt 1476
656,Alejandrina,Georgiev,ageorgievi7@creativecommons.org,Female,8th Floor
657,Alyson,Boyd,aboydi8@jiathis.com,Female,19th Floor
658,Luciano,Balas,lbalasi9@vinaora.com,Male,Suite 11
659,Lela,Othen,lothenia@oakley.com,Female,Apt 1865
660,Aylmer,Kasman,akasmanib@webs.com,Male,Room 809
661,Hilda,Louys,hlouysic@facebook.com,Female,PO Box 28549
662,Jacynth,Blazevic,jblazevicid@imageshack.us,Female,Apt 1015
663,Dallon,Velten,dveltenie@dailymail.co.uk,Male,Apt 1681
664,Gerhard,Cardno,gcardnoif@1688.com,Male,PO Box 60113
665,Genevieve,Jilliss,gjillissig@google.pl,Female,13th Floor
666,Fonz,Salmoni,fsalmoniih@networkadvertising.org,Male,PO Box 5429
667,Anetta,Settle,asettleii@state.tx.us,Genderqueer,Room 700
668,Lee,Fishley,lfishleyij@canalblog.com,Male,Suite 57
669,Jodi,Rabbe,jrabbeik@ning.com,Male,Room 896
670,Osbourn,Baggs,obaggsil@google.com,Male,PO Box 85621
671,Benedict,Gillison,bgillisonim@gov.uk,Male,PO Box 48791
672,Olivette,Liston,olistonin@sun.com,Female,Apt 1540
673,Knox,Taggart,ktaggartio@newyorker.com,Bigender,Room 58
674,Padraic,Phythian,pphythianip@cmu.edu,Male,7th Floor
675,Chloris,Attkins,cattkinsiq@npr.org,Female,Room 1429
676,Bronson,Jedrzejewski,bjedrzejewskiir@a8.net,Male,Suite 100
677,Lucio,Gregg,lgreggis@quantcast.com,Male,15th Floor
678,Vivyan,Duddin,vduddinit@businessinsider.com,Female,Room 396
679,Chantalle,McLanaghan,cmclanaghaniu@icio.us,Female,5th Floor
680,Barbabas,McCarron,bmccarroniv@bravesites.com,Male,Apt 1445
681,Rouvin,Ludgrove,rludgroveiw@imdb.com,Non-binary,Apt 657
682,Lissie,Jefford,ljeffordix@blogtalkradio.com,Female,15th Floor
683,Xenia,Girardey,xgirardeyiy@opensource.org,Female,15th Floor
684,Dore,Baggallay,dbaggallayiz@wikimedia.org,Female,PO Box 10252
685,Pru,Wilkie,pwilkiej0@washingtonpost.com,Female,13th Floor
686,Netta,Arton,nartonj1@blinklist.com,Female,Suite 51
687,Ramsay,Barge,rbargej2@livejournal.com,Male,Room 1985
688,Engelbert,Dorn,edornj3@stumbleupon.com,Male,2nd Floor
689,Olivette,Gouley,ogouleyj4@google.com,Female,PO Box 92668
690,Erik,Gunthorp,egunthorpj5@slideshare.net,Male,Room 1328
691,Mollee,Edington,medingtonj6@pagesperso-orange.fr,Female,Apt 426
692,Toinette,Stoffer,tstofferj7@sitemeter.com,Polygender,Room 986
693,Gerick,Piaggia,gpiaggiaj8@senate.gov,Male,Apt 1854
694,Seth,Whyte,swhytej9@trellian.com,Male,Suite 59
695,Dorise,Rapley,drapleyja@facebook.com,Female,Room 671
696,Waldon,Dalyell,wdalyelljb@weebly.com,Male,Apt 1101
697,Ludvig,Iacovielli,liacoviellijc@tiny.cc,Male,PO Box 95225
698,Lavena,Stuer,lstuerjd@wunderground.com,Female,Apt 1454
699,Xenia,Nicklin,xnicklinje@people.com.cn,Female,Room 38
700,Holt,Fernez,hfernezjf@goodreads.com,Male,Room 976
701,Eberto,Siemon,esiemonjg@vinaora.com,Male,Apt 96
702,Cullen,Brockley,cbrockleyjh@tamu.edu,Male,Room 579
703,Karmen,Patinkin,kpatinkinji@flavors.me,Female,Room 1280
704,Patrizius,Dani,pdanijj@amazon.co.jp,Male,13th Floor
705,Rey,Mephan,rmephanjk@google.pl,Female,2nd Floor
706,Ike,Narducci,inarduccijl@hao123.com,Male,13th Floor
707,Othelia,Records,orecordsjm@last.fm,Female,Room 1175
708,Rocky,Rennard,rrennardjn@bravesites.com,Male,Apt 1742
709,Dorena,Nosworthy,dnosworthyjo@lycos.com,Female,10th Floor
710,Salomon,Spenclay,sspenclayjp@webeden.co.uk,Polygender,Room 1247
711,Myrtia,Mayho,mmayhojq@newsvine.com,Female,Room 1245
712,Jules,Rossant,jrossantjr@howstuffworks.com,Male,11th Floor
713,Archer,Ceeley,aceeleyjs@chronoengine.com,Male,Apt 33
714,Heath,Roelofs,hroelofsjt@blogtalkradio.com,Male,PO Box 58617
715,Dena,Milne,dmilneju@ihg.com,Female,Room 245
716,Florie,Allpress,fallpressjv@salon.com,Female,11th Floor
717,Dulcine,Stoner,dstonerjw@jalbum.net,Polygender,PO Box 20385
718,Marcelo,Fehely,mfehelyjx@vimeo.com,Male,Apt 528
719,Audi,Dumbarton,adumbartonjy@youku.com,Non-binary,PO Box 95569
720,Torre,Kirkland,tkirklandjz@creativecommons.org,Bigender,Room 1475
721,Anastasie,Verdey,averdeyk0@163.com,Female,Suite 23
722,Holt,Di Biagio,hdibiagiok1@nationalgeographic.com,Male,Apt 1400
723,Herold,Spread,hspreadk2@loc.gov,Male,PO Box 8413
724,Joann,Loch,jlochk3@github.io,Female,Suite 58
725,Jamie,Laming,jlamingk4@reference.com,Male,PO Box 99337
726,Sven,McMurty,smcmurtyk5@washington.edu,Male,Suite 20
727,Matias,Etienne,metiennek6@marriott.com,Male,10th Floor
728,Bear,Cardus,bcardusk7@feedburner.com,Male,PO Box 69210
729,Bondie,Lovelady,bloveladyk8@nytimes.com,Male,Suite 98
730,Chase,Kite,ckitek9@rambler.ru,Male,Room 1417
731,Sheppard,Houseago,shouseagoka@quantcast.com,Male,Apt 1149
732,Gale,Gudgin,ggudginkb@sciencedaily.com,Female,Suite 63
733,Lorne,Villa,lvillakc@google.it,Female,PO Box 49588
734,Ashli,Duggon,aduggonkd@opera.com,Female,Suite 17
735,Curry,Moffet,cmoffetke@list-manage.com,Male,PO Box 90300
736,Myriam,Slocomb,mslocombkf@cyberchimps.com,Female,PO Box 30748
737,Barbie,Fernihough,bfernihoughkg@bloglines.com,Female,6th Floor
738,Waiter,Scougall,wscougallkh@stumbleupon.com,Male,Apt 1968
739,Sunny,Conachie,sconachieki@intel.com,Male,PO Box 8396
740,Kermie,Szymonwicz,kszymonwiczkj@example.com,Male,PO Box 14299
741,Kelley,Luckett,kluckettkk@jugem.jp,Female,PO Box 12325
742,Nora,Peters,npeterskl@kickstarter.com,Female,Apt 530
743,Theodoric,Agass,tagasskm@statcounter.com,Male,4th Floor
744,Marvin,Springle,mspringlekn@seattletimes.com,Male,Suite 81
745,Tito,Pittwood,tpittwoodko@hp.com,Male,Suite 42
746,Ellsworth,Ricciardiello,ericciardiellokp@wiley.com,Male,Suite 22
747,Ashli,Ritchie,aritchiekq@tumblr.com,Female,Apt 1211
748,Tannie,Dewen,tdewenkr@eepurl.com,Male,20th Floor
749,Judas,Batterham,jbatterhamks@nature.com,Male,PO Box 10570
750,Saunder,Brettelle,sbrettellekt@simplemachines.org,Male,Apt 301
751,Boycey,Seeley,bseeleyku@jalbum.net,Male,Room 1539
752,Bellanca,Binny,bbinnykv@histats.com,Female,Room 104
753,Johannes,Ince,jincekw@ucla.edu,Male,Room 1035
754,Rod,Blader,rbladerkx@unblog.fr,Male,6th Floor
755,Abbie,Bools,aboolsky@tiny.cc,Female,PO Box 88183
756,Aindrea,Dibner,adibnerkz@unblog.fr,Female,Suite 91
757,Hortense,Ballay,hballayl0@mit.edu,Female,Suite 79
758,Bertrand,Coley,bcoleyl1@who.int,Male,Room 1362
759,Etti,Maden,emadenl2@usgs.gov,Female,Room 1582
760,Alejandrina,Kleisle,akleislel3@youtu.be,Female,Suite 15
761,Jim,Bassam,jbassaml4@umich.edu,Male,PO Box 74382
762,Modestia,Bunney,mbunneyl5@lycos.com,Female,Room 1118
763,Alain,Jzak,ajzakl6@tinyurl.com,Male,PO Box 14701
764,Bethanne,Beynke,bbeynkel7@oracle.com,Female,Room 1649
765,Blinny,Robatham,brobathaml8@plala.or.jp,Agender,Room 1867
766,Corny,Reicherz,creicherzl9@friendfeed.com,Male,PO Box 15795
767,Merle,Dorricott,mdorricottla@biblegateway.com,Male,Apt 1127
768,Vince,Twell,vtwelllb@utexas.edu,Male,Suite 10
769,Danielle,Anderson,dandersonlc@smugmug.com,Female,Apt 1960
770,Sandy,Bovaird,sbovairdld@wix.com,Female,Apt 1964
771,Bail,Ilem,bilemle@boston.com,Non-binary,Suite 74
772,Kaleena,Maylam,kmaylamlf@imdb.com,Female,15th Floor
773,Sherwynd,Howison,showisonlg@yahoo.co.jp,Male,4th Floor
774,Milka,Seawright,mseawrightlh@liveinternet.ru,Female,Suite 4
775,Lulita,Bantick,lbantickli@bloglovin.com,Female,PO Box 98232
776,Janelle,Robertshaw,jrobertshawlj@mozilla.org,Female,Apt 641
777,Irving,Kamenar,ikamenarlk@imgur.com,Male,Room 879
778,Findley,Twitching,ftwitchingll@cloudflare.com,Genderfluid,Apt 1928
779,Warden,Gerretsen,wgerretsenlm@cdbaby.com,Male,Room 1607
780,Nicholle,Chumley,nchumleyln@1688.com,Female,13th Floor
781,Emmanuel,Coomes,ecoomeslo@bravesites.com,Male,Room 1837
782,Darelle,Boniface,dbonifacelp@youku.com,Female,Room 748
783,Claire,Wakeling,cwakelinglq@fotki.com,Male,4th Floor
784,Sinclair,Ronchetti,sronchettilr@fotki.com,Male,Room 1474
785,Gusti,Croisdall,gcroisdallls@google.cn,Female,Apt 1391
786,Clarence,Bushby,cbushbylt@youtu.be,Male,Apt 1869
787,Romain,Tiery,rtierylu@rakuten.co.jp,Male,Apt 500
788,Rodolphe,Magister,rmagisterlv@yale.edu,Male,Suite 51
789,Lewes,Arnli,larnlilw@freewebs.com,Male,15th Floor
790,Obadiah,Beseke,obesekelx@t-online.de,Male,PO Box 18876
791,Dewain,Pyott,dpyottly@sbwire.com,Male,Apt 294
792,Carita,Mcimmie,cmcimmielz@ameblo.jp,Female,Apt 1760
793,Mozelle,Turvie,mturviem0@ehow.com,Genderfluid,18th Floor
794,Joyan,Stambridge,jstambridgem1@ameblo.jp,Female,Apt 1824
795,Vergil,Fuentes,vfuentesm2@princeton.edu,Genderqueer,Apt 319
796,Celinka,Markova,cmarkovam3@ovh.net,Female,PO Box 23439
797,Zorah,Christofides,zchristofidesm4@cnet.com,Bigender,Apt 1070
798,Timmy,Vesty,tvestym5@cafepress.com,Male,Suite 25
799,Jon,Roath,jroathm6@walmart.com,Male,Room 1442
800,Tandie,Gradly,tgradlym7@chron.com,Female,Room 877
801,Lynnette,Saffrin,lsaffrinm8@sina.com.cn,Non-binary,Suite 100
802,Jennee,Core,jcorem9@wisc.edu,Female,PO Box 14616
803,Giacopo,Mengue,gmenguema@g.co,Male,PO Box 16900
804,Zebedee,Howsley,zhowsleymb@slashdot.org,Male,PO Box 35903
805,Lukas,Yukhnini,lyukhninimc@constantcontact.com,Genderqueer,13th Floor
806,Kermie,Batistelli,kbatistellimd@hp.com,Male,Apt 773
807,Jone,Master,jmasterme@umn.edu,Male,Room 502
808,Tom,Tather,ttathermf@123-reg.co.uk,Male,11th Floor
809,Valene,Kuhndel,vkuhndelmg@xrea.com,Female,Apt 229
810,Eliot,Moizer,emoizermh@netvibes.com,Male,13th Floor
811,Mildred,Pankethman,mpankethmanmi@networkadvertising.org,Female,Room 1709
812,Maribel,Wandrach,mwandrachmj@wix.com,Female,PO Box 11754
813,Anissa,Paslow,apaslowmk@mayoclinic.com,Female,Apt 1296
814,Dukey,Franzke,dfranzkeml@answers.com,Non-binary,PO Box 54848
815,Carroll,Jobb,cjobbmm@devhub.com,Male,Apt 751
816,Hertha,Simion,hsimionmn@spotify.com,Female,Suite 99
817,Zoe,Menco,zmencomo@bbc.co.uk,Female,Room 1052
818,Jarvis,Butterfield,jbutterfieldmp@bigcartel.com,Male,9th Floor
819,Elliott,Albin,ealbinmq@mayoclinic.com,Male,4th Floor
820,Teressa,Methringham,tmethringhammr@blinklist.com,Female,PO Box 17380
821,Jard,Boatright,jboatrightms@trellian.com,Male,Apt 1528
822,Blanca,Crampsey,bcrampseymt@shop-pro.jp,Female,20th Floor
823,Danny,McTurk,dmcturkmu@wsj.com,Male,PO Box 60950
824,Portia,Robillard,probillardmv@europa.eu,Female,Room 1870
825,Gabriellia,Cosans,gcosansmw@mtv.com,Female,Apt 429
826,Jocelyn,Evensden,jevensdenmx@java.com,Female,Apt 1038
827,Adelind,Nurcombe,anurcombemy@tinyurl.com,Female,Apt 1497
828,Clyde,Benes,cbenesmz@howstuffworks.com,Male,Apt 114
829,Linoel,Scardifield,lscardifieldn0@ucsd.edu,Male,Apt 1124
830,Paten,Toope,ptoopen1@sbwire.com,Genderfluid,Room 1833
831,Rustie,Woloschinski,rwoloschinskin2@uiuc.edu,Male,Room 430
832,Lenci,Wharf,lwharfn3@cisco.com,Male,PO Box 1858
833,Jed,Waddam,jwaddamn4@addtoany.com,Polygender,16th Floor
834,Dusty,Phizacklea,dphizacklean5@plala.or.jp,Female,Room 659
835,Maude,Agglio,magglion6@oracle.com,Female,Suite 75
836,Marius,Corrie,mcorrien7@addthis.com,Male,20th Floor
837,Luigi,Turnor,lturnorn8@youtube.com,Bigender,Suite 60
838,Florencia,Stife,fstifen9@patch.com,Female,Apt 843
839,Evangelina,Ivic,eivicna@gov.uk,Genderfluid,Apt 1631
840,Tiffie,Whitcomb,twhitcombnb@opensource.org,Female,Apt 191
841,Frans,Strode,fstrodenc@ameblo.jp,Male,Apt 897
842,Ludovico,Edmunds,ledmundsnd@apple.com,Male,Apt 731
843,Dottie,Buckenhill,dbuckenhillne@hostgator.com,Female,Room 504
844,Peyter,Gannicleff,pgannicleffnf@goo.ne.jp,Male,Apt 1513
845,Inger,Chart,ichartng@xrea.com,Female,20th Floor
846,Jemima,Gleave,jgleavenh@elpais.com,Non-binary,Suite 16
847,Wiley,Fettes,wfettesni@acquirethisname.com,Male,Room 1076
848,Harvey,Shwalbe,hshwalbenj@dion.ne.jp,Male,Suite 65
849,Libby,Wytchard,lwytchardnk@taobao.com,Female,Apt 1014
850,Wake,McTaggart,wmctaggartnl@jimdo.com,Male,Apt 602
851,Cleve,Ghidelli,cghidellinm@cnbc.com,Genderqueer,Room 1199
852,Dion,MacMearty,dmacmeartynn@reference.com,Female,5th Floor
853,Fonsie,Arnolds,farnoldsno@about.com,Male,Apt 299
854,Reba,Abyss,rabyssnp@goo.gl,Female,Suite 52
855,Dinnie,Phillps,dphillpsnq@multiply.com,Female,2nd Floor
856,Shelley,Spriggin,ssprigginnr@ebay.co.uk,Male,Suite 95
857,Clare,Donohue,cdonohuens@engadget.com,Female,PO Box 9933
858,Skylar,Skune,sskunent@nymag.com,Male,Room 1751
859,Zeb,Stebbings,zstebbingsnu@amazonaws.com,Male,PO Box 20862
860,Birgitta,Luparti,blupartinv@sbwire.com,Non-binary,19th Floor
861,Janaye,Oels,joelsnw@illinois.edu,Female,Room 913
862,Daren,Mewes,dmewesnx@apple.com,Male,Suite 35
863,Ed,Huffey,ehuffeyny@epa.gov,Male,Room 1917
864,Inna,Readwood,ireadwoodnz@goo.gl,Female,Suite 49
865,Benedicto,Dinse,bdinseo0@de.vu,Male,9th Floor
866,Erie,de Broke,edebrokeo1@cnn.com,Polygender,Suite 71
867,Tobey,Caple,tcapleo2@yelp.com,Female,Room 227
868,Sallie,Beadel,sbeadelo3@google.com,Female,Apt 918
869,Cherey,Layhe,clayheo4@printfriendly.com,Female,Suite 38
870,Richy,Antoniewicz,rantoniewiczo5@mayoclinic.com,Male,Apt 1756
871,Salli,Jerdon,sjerdono6@europa.eu,Female,Room 178
872,Shurlock,Eynald,seynaldo7@instagram.com,Male,Room 611
873,Mab,Kohler,mkohlero8@taobao.com,Polygender,Apt 1663
874,Essy,Maken,emakeno9@woothemes.com,Non-binary,Room 1192
875,Maxie,Brosoli,mbrosolioa@hatena.ne.jp,Male,Suite 95
876,Bayard,Hallward,bhallwardob@dell.com,Male,PO Box 25716
877,Shayna,Guidelli,sguidellioc@posterous.com,Female,Apt 397
878,Mordecai,Tranfield,mtranfieldod@blogspot.com,Male,Suite 81
879,Winfield,Scrowby,wscrowbyoe@live.com,Male,Room 411
880,Pearl,Aubri,paubriof@nps.gov,Female,Apt 377
881,Harlen,Dall,hdallog@dailymail.co.uk,Male,4th Floor
882,Boyd,Schubbert,bschubbertoh@tripadvisor.com,Male,Suite 61
883,Poppy,Gregorowicz,pgregorowiczoi@mapy.cz,Female,Suite 83
884,Margo,Corston,mcorstonoj@bizjournals.com,Female,PO Box 82140
885,Peder,Casbolt,pcasboltok@soup.io,Male,4th Floor
886,L;urette,Garden,lgardenol@mayoclinic.com,Female,8th Floor
887,Britta,McCosh,bmccoshom@hhs.gov,Genderqueer,1st Floor
888,Fairfax,Bendig,fbendigon@umn.edu,Male,Apt 1124
889,Sigismondo,Ranscomb,sranscomboo@whitehouse.gov,Male,Room 1789
890,Shayne,Scarsbrick,sscarsbrickop@ocn.ne.jp,Male,PO Box 94617
891,Irene,Sheeran,isheeranoq@istockphoto.com,Female,Room 533
892,Dion,Gartenfeld,dgartenfeldor@e-recht24.de,Male,Room 1025
893,Domini,Banbury,dbanburyos@shop-pro.jp,Female,20th Floor
894,Raven,Vasey,rvaseyot@boston.com,Female,Room 164
895,Zorina,Rubenczyk,zrubenczykou@squidoo.com,Female,Suite 46
896,Kyle,Togher,ktogherov@answers.com,Male,PO Box 59633
897,Violetta,Naire,vnaireow@oakley.com,Genderfluid,Apt 1760
898,Millard,Prestwich,mprestwichox@europa.eu,Male,Apt 1023
899,Caressa,Mandrake,cmandrakeoy@dedecms.com,Female,15th Floor
900,Danny,Filshin,dfilshinoz@yahoo.co.jp,Male,11th Floor
901,Grete,Brantl,gbrantlp0@hubpages.com,Female,Suite 82
902,Brina,Rayson,braysonp1@ca.gov,Female,Apt 553
903,Wakefield,Martensen,wmartensenp2@oakley.com,Male,PO Box 94972
904,Verna,Harmeston,vharmestonp3@cisco.com,Female,Apt 1814
905,Abby,Koba,akobap4@theguardian.com,Male,PO Box 801
906,Cayla,Moyles,cmoylesp5@independent.co.uk,Bigender,Suite 13
907,Lori,Lakes,llakesp6@dailymotion.com,Polygender,Room 1821
908,Jone,Shelmardine,jshelmardinep7@diigo.com,Male,15th Floor
909,Myrna,Sabben,msabbenp8@wordpress.org,Female,PO Box 24614
910,Falito,Chese,fchesep9@whitehouse.gov,Male,PO Box 67299
911,Corby,Torra,ctorrapa@google.com.au,Male,Apt 472
912,Elicia,Ivchenko,eivchenkopb@github.com,Female,Suite 20
913,Loren,Bessey,lbesseypc@hp.com,Female,PO Box 73464
914,Rog,Oven,rovenpd@e-recht24.de,Male,Apt 722
915,Adella,Ashbee,aashbeepe@hibu.com,Female,Apt 1036
916,Eberhard,Leggett,eleggettpf@oaic.gov.au,Male,Suite 57
917,Lannie,Ferreira,lferreirapg@ca.gov,Male,Room 39
918,Marcelo,Quest,mquestph@bloglovin.com,Male,Apt 946
919,Ichabod,Dickins,idickinspi@webmd.com,Male,Room 544
920,Robinett,Wassell,rwassellpj@mozilla.com,Female,11th Floor
921,Brady,Meert,bmeertpk@fastcompany.com,Agender,Room 11
922,Rodolph,Rands,rrandspl@theatlantic.com,Male,PO Box 26959
923,Chaddy,Hourihane,chourihanepm@slashdot.org,Male,Room 1438
924,Zackariah,Mechan,zmechanpn@adobe.com,Male,PO Box 21808
925,Haley,Sommerscales,hsommerscalespo@adobe.com,Agender,Apt 436
926,Marsh,Flecknell,mflecknellpp@sciencedirect.com,Male,Apt 1518
927,Peder,Gilkison,pgilkisonpq@marketwatch.com,Male,Suite 75
928,Mikel,Stinton,mstintonpr@wikia.com,Male,12th Floor
929,Mychal,Candwell,mcandwellps@t.co,Male,Room 1851
930,Amanda,Thorneloe,athorneloept@census.gov,Female,Room 1320
931,Raphaela,Basden,rbasdenpu@sitemeter.com,Female,PO Box 82027
932,Land,Temby,ltembypv@netvibes.com,Male,Suite 86
933,Tore,Casazza,tcasazzapw@slideshare.net,Male,Suite 41
934,Gwyneth,Penley,gpenleypx@newyorker.com,Female,Room 1909
935,Modestine,Culbard,mculbardpy@ftc.gov,Female,Room 1305
936,Chip,Klaffs,cklaffspz@quantcast.com,Male,Suite 34
937,Tani,Ruddin,truddinq0@people.com.cn,Bigender,Room 757
938,Alf,Cradey,acradeyq1@comsenz.com,Male,PO Box 87743
939,Darby,Zelner,dzelnerq2@com.com,Female,Apt 565
940,Axe,Bridson,abridsonq3@cornell.edu,Male,Suite 87
941,Sutherland,Suston,ssustonq4@mozilla.org,Male,Room 1362
942,Bernie,MacMeeking,bmacmeekingq5@1688.com,Male,Apt 549
943,Griffie,Itscowics,gitscowicsq6@yandex.ru,Male,PO Box 37309
944,Aksel,Caswill,acaswillq7@skyrock.com,Male,Suite 38
945,Gordie,Marioneau,gmarioneauq8@spiegel.de,Male,PO Box 5125
946,Shamus,Garvie,sgarvieq9@washingtonpost.com,Male,PO Box 84591
947,Mercedes,Chellam,mchellamqa@google.nl,Female,Apt 1932
948,Benoite,Bambery,bbamberyqb@privacy.gov.au,Female,Apt 1593
949,Nicolas,Gors,ngorsqc@issuu.com,Male,PO Box 33292
950,Earle,Radmore,eradmoreqd@java.com,Male,Apt 738
951,Marillin,Teck,mteckqe@elegantthemes.com,Female,Room 1828
952,Milicent,Easman,measmanqf@cnn.com,Female,Room 705
953,Devin,Roly,drolyqg@ocn.ne.jp,Female,PO Box 78041
954,Joshua,MacSween,jmacsweenqh@behance.net,Male,PO Box 73814
955,Emilia,Fillingham,efillinghamqi@wiley.com,Female,PO Box 71949
956,Demetre,Tyreman,dtyremanqj@guardian.co.uk,Male,Apt 1466
957,Alair,Hassett,ahassettqk@harvard.edu,Male,PO Box 79273
958,Reinwald,Loder,rloderql@latimes.com,Male,Apt 739
959,Ram,Sugg,rsuggqm@hubpages.com,Male,PO Box 71852
960,Zared,Dimitriades,zdimitriadesqn@eventbrite.com,Male,15th Floor
961,Katha,Staley,kstaleyqo@admin.ch,Female,Suite 81
962,Artur,Lemarie,alemarieqp@adobe.com,Male,Apt 1621
963,Barty,Malham,bmalhamqq@canalblog.com,Male,Room 1598
964,Lotti,Bossingham,lbossinghamqr@weibo.com,Female,PO Box 5977
965,Nicky,Moquin,nmoquinqs@youtube.com,Male,Room 1530
966,Barbey,Rait,braitqt@digg.com,Female,PO Box 18234
967,Powell,Chillingsworth,pchillingsworthqu@hc360.com,Male,PO Box 27946
968,Isaiah,Pinney,ipinneyqv@dot.gov,Male,Apt 1989
969,Beatrice,Davidge,bdavidgeqw@noaa.gov,Female,7th Floor
970,Grantley,Waliszewski,gwaliszewskiqx@pbs.org,Male,18th Floor
971,Grove,Noar,gnoarqy@ovh.net,Male,Room 1534
972,Barrett,Salliere,bsalliereqz@canalblog.com,Male,16th Floor
973,Sheppard,Hudleston,shudlestonr0@comsenz.com,Male,Room 176
974,Wyatt,Acreman,wacremanr1@dailymotion.com,Male,Suite 54
975,Selia,Guilliatt,sguilliattr2@amazon.com,Female,Apt 1421
976,Karisa,Farrears,kfarrearsr3@economist.com,Female,10th Floor
977,Anissa,Sitlington,asitlingtonr4@twitpic.com,Female,13th Floor
978,Luigi,Crossman,lcrossmanr5@de.vu,Male,Suite 41
979,Meredeth,Weiner,mweinerr6@google.pl,Male,Room 1488
980,Jacquelyn,Macura,jmacurar7@nhs.uk,Female,Suite 50
981,Audrey,Klaffs,aklaffsr8@discovery.com,Female,Apt 632
982,Dun,Trimby,dtrimbyr9@gizmodo.com,Male,Apt 1762
983,Carrol,Mathews,cmathewsra@pen.io,Male,PO Box 57685
984,Pearle,Randals,prandalsrb@usgs.gov,Female,PO Box 54411
985,Gregg,McGibbon,gmcgibbonrc@dmoz.org,Male,Suite 65
986,Dewitt,Harlin,dharlinrd@wix.com,Male,PO Box 17537
987,Talbot,Foden,tfodenre@wp.com,Male,Apt 1183
988,Padget,McDavid,pmcdavidrf@cnet.com,Non-binary,Room 1528
989,Leia,Morriarty,lmorriartyrg@bandcamp.com,Female,20th Floor
990,Adriane,Portsmouth,aportsmouthrh@free.fr,Female,16th Floor
991,Flore,Bevens,fbevensri@mysql.com,Female,PO Box 58943
992,Cosimo,MacCaffrey,cmaccaffreyrj@uol.com.br,Male,Suite 81
993,Wilmette,Garmey,wgarmeyrk@techcrunch.com,Genderqueer,Suite 82
994,Noelyn,Odcroft,nodcroftrl@photobucket.com,Female,Room 862
995,Keri,Alway,kalwayrm@cisco.com,Female,Apt 1364
996,Ulick,Egle,ueglern@icq.com,Male,PO Box 59592
997,Gale,Sumpter,gsumpterro@scribd.com,Female,Suite 47
998,Felicio,Croley,fcroleyrp@psu.edu,Male,PO Box 47050
999,Morse,Sprigg,mspriggrq@indiegogo.com,Male,Apt 527
1000,Franklyn,Broxholme,fbroxholmerr@qq.com,Male,Apt 319
